Workbook
Name Asal: 'LOOKUP&STRING'!$E$8:$G$9
Name buah: 'LOOKUP&STRING'!$B$8:$C$11
Name BUKU: LOOKUP!$B$8:$C$11
Name Gaji: 'Latihan LOOKUP'!$B$16:$E$17
Name Harga: LOOKUP!$E$8:$H$9
Name N_BRG: na_brg!$A$2:$C$5
Name NAMA: 'Latihan LOOKUP'!$G$16:$I$23
Name TABEL_TIKET: 'Tabel tiket_pswt'!$A$1:$C$6
Name ttb_krt: 'Tabel tiket_kerta'!$A$1:$D$6
Name tyPE_BRG: typebrg!$A$2:$B$5

Sheet LATIHAN 1
A1: DATA MAHASISWA POLITEKNIK LP3I PEKANBARU
A2: SEMESTER GENAP (2026)
A3: JL. TAMAN SARI NO.11 TANGKERANG SELATAN PEKANBARU-RIAU
A5: NO | B5: NIM | C5: NAMA MAHASISWA | D5: JENIS KELAMIN | F5: ALAMAT | G5: NO HP | H5: PROGRAM STUDI
D6: LAKI-LAKI | E6: PEREMPUAN | H6: BISNIS ADMINISTRASI | I6: MANAJEMEN INFORMATIKA | J6: KOMPUTERISASI AKUNTANSI | K6: HUBUNGAN MASYARAKAT
A7: 1
A8: 2
A9: 3
A10: 4
A11: 5
A12: 6
A13: 7
A14: 8
A15: 9
A16: 10

Sheet LATIHAN 2
A1: DATA MAHASISWA POLITEKNIK LP3I PEKANBARU
A2: SEMESTER GENAP (2026)
A3: JL TAMAN SARI NO.11 TANGKERANG SELATAN PEKANBARU-RIAU
A5: NO | B5: NIM | C5: NAMA MAHASISWA | D5: JENIS KELAMIN | F5: ALAMAT | G5: NO HP | H5: PROGRAM STUDI
D6: LAKI-LAKI | E6: PEREMPUAN | H6: ADMINISTRASI BISNIS | I6: MANAJEMEN INFORMATIKA | J6: HUBUNGAN MASYARAKAT | K6: KOMPUTERISASI AKUNTANSI
A7: 1
A8: 2
A9: 3
A10: 4
A11: 5
A12: 6
A13: 7
A14: 8
A15: 9
A16: 10

Sheet ARITMATIKA
A1: WASERDA "RUMPUN SELASIH"
A2: JL. DAMNAH KOTA LEGENDA NO 17 PEKANBARU
A4: Daftar Pengambilan Barang
A5: Bulan Juni 2019
A6: NO | B6: NAMA BARANG | C6: MEREK | D6: HARGA SATUAN | E6: BANYAK BARANG | F6: SATUAN | G6: HARGA KOTOR | H6: POTONGAN | I6: HARGA BERSIH
A8: 1 | B8: Sarden | C8: ABC | D8: 1500 | E8: 300 | F8: Kaleng | G8: =D8*E8 -> 450000 | H8: =5%*G8 -> 22500 | I8: =G8-H8 -> 427500
A9: 2 | B9: Minyak goreng | C9: Sendok | D9: 1300 | E9: 200 | F9: Kg | G9: =D9*E9 -> 260000 | H9: =5%*G9 -> 13000 | I9: =G9-H9 -> 247000
A10: 3 | B10: Mentega | C10: Blueband | D10: 6500 | E10: 120 | F10: Kg | G10: =D10*E10 -> 780000 | H10: =5%*G10 -> 39000 | I10: =G10-H10 -> 741000
A11: 4 | B11: Rokok | C11: L.A Light | D11: 1300 | E11: 500 | F11: Bungkus | G11: =D11*E11 -> 650000 | H11: =5%*G11 -> 32500 | I11: =G11-H11 -> 617500
A12: 5 | B12: Kopi | C12: Tora Bika | D12: 1500 | E12: 200 | F12: Bungkus | G12: =D12*E12 -> 300000 | H12: =5%*G12 -> 15000 | I12: =G12-H12 -> 285000
A13: 6 | B13: The celup | C13: Sosro | D13: 1750 | E13: 200 | F13: Bungkus | G13: =D13*E13 -> 350000 | H13: =5%*G13 -> 17500 | I13: =G13-H13 -> 332500
A14: 7 | B14: Sirup | C14: ABC | D14: 3500 | E14: 160 | F14: Botol | G14: =D14*E14 -> 560000 | H14: =5%*G14 -> 28000 | I14: =G14-H14 -> 532000
A15: 8 | B15: Tepung Terigu | C15: Segitiga Biru | D15: 27500 | E15: 400 | F15: Kg | G15: =D15*E15 -> 11000000 | H15: =5%*G15 -> 550000 | I15: =G15-H15 -> 10450000
A16: 9 | B16: Kornet | C16: Macarra | D16: 3500 | E16: 200 | F16: Kaleng | G16: =D16*E16 -> 700000 | H16: =5%*G16 -> 35000 | I16: =G16-H16 -> 665000
A17: 10 | B17: Deterjen | C17: Rinso | D17: 4750 | E17: 100 | F17: Kg | G17: =D17*E17 -> 475000 | H17: =5%*G17 -> 23750 | I17: =G17-H17 -> 451250
A19: Data yang diinput adalah: Nama Barang, Merk, Harga Satuan, Banyak Barang, Satuan
A20: Ketentuan data yang akan diproses:
A21: 1. Harga kotor | C21: Harga Satuan * Banyak barang
A22: 2. Potongan | C22: 5% * Harga kotor
A23: 3. Harga Bersih | C23: Harga Kotor - Potongan

Sheet STATISTIK
B2: 100
B3: 110
B4: 50
B5: 750
A6: TOTAL | B6: =SUM(B2:B5) -> 1010
A7: NILAI TEERTINGGI | B7: =MAX(B2:B5) -> 750
A8: NILAI TERENDAH | B8: =MIN(B2:B5) -> 50
A9: JUMLAH RATA-RATA | B9: =AVERAGE(B2:B5) -> 252.5
A10: JUMLAH DATA | B10: =COUNT(B2:B5) -> 4

Sheet LATIHAN STATISTIK ARITMATIKA
A2: NO | B2: NAMA KARYAWAN | C2: JABATAN | D2: JUMLAH ANAK | E2: GAJI POKOK | F2: TUNJANGAN ANAK | G2: TUNJANGAN ISTRI | H2: TUNJANGAN JABATAN | I2: ASTEK | J2: TOTAL GAJI
A4: 1 | B4: Arman | C4: Direktur | D4: 3 | E4: 4500000 | F4: =D4*10%*E4 -> 1350000 | G4: =7%*E4 -> 315000 | H4: 500000 | I4: 150000 | J4: =E4+F4+G4+H4-I4 -> 6515000
A5: 2 | B5: Dania | C5: Manajer | D5: 2 | E5: 3500000 | F5: =D5*10%*E5 -> 700000 | G5: =7%*E5 -> 245000 | H5: 350000 | I5: 150000 | J5: =E5+F5+G5+H5-I5 -> 4645000
A6: 3 | B6: Sinta | C6: Staff | D6: 2 | E6: 1890000 | F6: =D6*10%*E6 -> 378000 | G6: =7%*E6 -> 132300 | I6: 150000 | J6: =E6+F6+G6+H6-I6 -> 2250300
A7: 4 | B7: Boby | C7: Staff | D7: 1 | E7: 1890000 | F7: =D7*10%*E7 -> 189000 | G7: =7%*E7 -> 132300 | I7: 150000 | J7: =E7+F7+G7+H7-I7 -> 2061300
A8: 5 | B8: Katya | C8: Staff | D8: 1 | E8: 1890000 | F8: =D8*10%*E8 -> 189000 | G8: =7%*E8 -> 132300 | I8: 150000 | J8: =E8+F8+G8+H8-I8 -> 2061300
I9: Total | J9: =SUM(J4:J8) -> 17532900
I10: Jumlah Tertinggi | J10: =MAX(J4:J8) -> 6515000
I11: Jumlah Terendah | J11: =MIN(J4:J8) -> 2061300
I12: Rata-rata | J12: =AVERAGE(J4:J8) -> 3506580
I13: Jumlah Data | J13: =COUNT(J4:J8) -> 5

Sheet Absulote cell
D1: Honor: | E1: 25000
B2: No | C2: Nama | D2: Jumlah Mengawas | E2: Dibayarkan
B3: 1 | C3: ibob | D3: 6 | E3: =D3*$E$1 -> 150000
B4: 2 | C4: iboy | D4: 7 | E4: =D4*$E$1 -> 175000
B5: 3 | C5: Sunny | D5: 8 | E5: =D5*$E$1 -> 200000
B6: 4 | C6: Karya | D6: 7 | E6: =D6*$E$1 -> 175000
B7: 5 | C7: Catherine | D7: 8 | E7: =D7*$E$1 -> 200000
B8: 6 | C8: Cecilia | D8: 8 | E8: =D8*$E$1 -> 200000

Sheet Latihan Absulote cell
A1: Presentase Uang Muka : | B1: 0.25
A3: TYPE KENDARAAN | B3: HARGA JUAL | C3: UANG MUKA | D3: PRESENTASE ANGSURAAN KREDIT PERBULAN | J3: TOTAL ANGSURAN
D4: BULAN 1 | E4: BULAN II | F4: BULAN III | G4: BULAN IV | H4: BULAN V | I4: BULAN VI
D5: 0.5 | E5: 0.45 | F5: 0.35 | G5: 0.3 | H5: 0.25 | I5: 0.2
A6: Honda Beat | B6: 16770000 | C6: =B6*$B$1 -> 4192500 | D6: =(B6-C6)*$D$5 -> 6288750 | E6: =(B6-C6)*$E$5 -> 5659875 | F6: =(B6-C6)*$F$5 -> 4402125 | G6: =(B6-C6)*$G$5 -> 3773250 | H6: =(B6-C6)*$H$5 -> 3144375 | I6: =(B6-C6)*$I$5 -> 2515500 | J6: =D6+E6+F6+G6+H6+I6+C6 -> 29976375
A7: Honda Vario 125 | B7: 23620000 | C7: =B7*$B$1 -> 5905000 | D7: =(B7-C7)*$D$5 -> 8857500 | E7: =(B7-C7)*$E$5 -> 7971750 | F7: =(B7-C7)*$F$5 -> 6200250 | G7: =(B7-C7)*$G$5 -> 5314500 | H7: =(B7-C7)*$H$5 -> 4428750 | I7: =(B7-C7)*$I$5 -> 3543000 | J7: =D7+E7+F7+G7+H7+I7+C7 -> 42220750
A8: Honda Vario 150 | B8: 20940000 | C8: =B8*$B$1 -> 5235000 | D8: =(B8-C8)*$D$5 -> 7852500 | E8: =(B8-C8)*$E$5 -> 7067250 | F8: =(B8-C8)*$F$5 -> 5496750 | G8: =(B8-C8)*$G$5 -> 4711500 | H8: =(B8-C8)*$H$5 -> 3926250 | I8: =(B8-C8)*$I$5 -> 3141000 | J8: =D8+E8+F8+G8+H8+I8+C8 -> 37430250
A9: Honda ADV 150 | B9: 36500000 | C9: =B9*$B$1 -> 9125000 | D9: =(B9-C9)*$D$5 -> 13687500 | E9: =(B9-C9)*$E$5 -> 12318750 | F9: =(B9-C9)*$F$5 -> 9581250 | G9: =(B9-C9)*$G$5 -> 8212500 | H9: =(B9-C9)*$H$5 -> 6843750 | I9: =(B9-C9)*$I$5 -> 5475000 | J9: =D9+E9+F9+G9+H9+I9+C9 -> 65243750
A10: Honda PCX | B10: 31930000 | C10: =B10*$B$1 -> 7982500 | D10: =(B10-C10)*$D$5 -> 11973750 | E10: =(B10-C10)*$E$5 -> 10776375 | F10: =(B10-C10)*$F$5 -> 8381625 | G10: =(B10-C10)*$G$5 -> 7184250 | H10: =(B10-C10)*$H$5 -> 5986875 | I10: =(B10-C10)*$I$5 -> 4789500 | J10: =D10+E10+F10+G10+H10+I10+C10 -> 57074875
H11: Jumlah Total Angsuran | J11: =SUM(J6:J10) -> 231946000
H12: Total Angsuran Terendah | J12: =MIN(J6:J10) -> 29976375
H13: Total Angsuran Tertinggi | J13: =MAX(J6:J10) -> 65243750
H14: Rata-rata Total Angsuran | J14: =AVERAGE(J6:J10) -> 46389200

Sheet Fungsi string
C3: PEKANBARU KOTA BERTUAH | E3: KARAKTER YANG DIBACA
C5: KARAKTER YANG INGIN DIBACA | D5: HASIL | E5: PENULIS RUMUS
C7: PEKAN | D7: =LEFT(C3, 5) -> PEKAN
C8: BARU | D8: =MID(C3,6,4) -> BARU
C9: PEKANBARU | D9: =LEFT(C3,9) -> PEKANBARU
C10: KOTA | D10: =MID(C3,10,5) -> KOTA
C11: KOTA BERTUAH | D11: =RIGHT(C3,12) -> KOTA BERTUAH
C12: BERTUAH | D12: =RIGHT(C3, 7) -> BERTUAH

Sheet LATIHAN FUNGS STRING
A1: DAFTAR PESERTA
A2: KELUARGA BERENCANA (KB) MANDIRI
A3: 2018
A5: NO | B5: KODE PESERTA | C5: PESERTA | F5: ALAT KONTRAPSI | G5: AWAL KB | H5: LAMA KB
C6: NAMA | D6: UMUR | E6: J. KELAMIN
A7: 1 | B7: LK-23-KDM | C7: INDRA | D7: =MID(B7,4,2) -> 23 | E7: =LEFT(B7,2) -> LK | F7: =RIGHT(B7,3) -> KDM | G7: 2005 | H7: =$A$3-G7 -> 13
A8: 2 | B8: PR-30-IUD | C8: ADINA | D8: =MID(B8,4,2) -> 30 | E8: =LEFT(B8,2) -> PR | F8: =RIGHT(B8,3) -> IUD | G8: 2005 | H8: =$A$3-G8 -> 13
A9: 3 | B9: PR-27-PIL | C9: SARASWATI | D9: =MID(B9,4,2) -> 27 | E9: =LEFT(B9,2) -> PR | F9: =RIGHT(B9,3) -> PIL | G9: 2004 | H9: =$A$3-G9 -> 14
A10: 4 | B10: LK-23-MOW | C10: JEFRI | D10: =MID(B10,4,2) -> 23 | E10: =LEFT(B10,2) -> LK | F10: =RIGHT(B10,3) -> MOW | G10: 2006 | H10: =$A$3-G10 -> 12
A11: 5 | B11: PR-29-IUD | C11: SITI | D11: =MID(B11,4,2) -> 29 | E11: =LEFT(B11,2) -> PR | F11: =RIGHT(B11,3) -> IUD | G11: 2000 | H11: =$A$3-G11 -> 18
A12: 6 | B12: PR-25-STK | C12: MARITA | D12: =MID(B12,4,2) -> 25 | E12: =LEFT(B12,2) -> PR | F12: =RIGHT(B12,3) -> STK | G12: 2003 | H12: =$A$3-G12 -> 15
A13: 7 | B13: PR-19-SSK | C13: LUCY | D13: =MID(B13,4,2) -> 19 | E13: =LEFT(B13,2) -> PR | F13: =RIGHT(B13,3) -> SSK | G13: 2005 | H13: =$A$3-G13 -> 13
A14: 8 | B14: LK-26-KDM | C14: NANA | D14: =MID(B14,4,2) -> 26 | E14: =LEFT(B14,2) -> LK | F14: =RIGHT(B14,3) -> KDM | G14: 2005 | H14: =$A$3-G14 -> 13
A15: 9 | B15: LK-42-MOW | C15: OSDIE | D15: =MID(B15,4,2) -> 42 | E15: =LEFT(B15,2) -> LK | F15: =RIGHT(B15,3) -> MOW | G15: 1999 | H15: =$A$3-G15 -> 19
A16: 10 | B16: PR-28-PIL | C16: ELI | D16: =MID(B16,4,2) -> 28 | E16: =LEFT(B16,2) -> PR | F16: =RIGHT(B16,3) -> PIL | G16: 2000 | H16: =$A$3-G16 -> 18

Sheet Fungsi IF
B2: B | C2: C | D2: D | E2: E
B3: No | C3: Kode | D3: Judul Buku | E3: Pengarang
B4: 1 | C4: AA | D4: =IF(C4="AA","Database",IF(C4="AB","Miscrosoft Excel")) -> Database | E4: =IF(D4="Database","Yogiyanto",IF(D4="Miscrosoft Excel","Nala Hayati")) -> Yogiyanto
B5: 2 | C5: AB | D5: =IF(C5="AA","Database",IF(C5="AB","Miscrosoft Excel")) -> Miscrosoft Excel | E5: =IF(D5="Database","Yogiyanto",IF(D5="Miscrosoft Excel","Nala Hayati")) -> Nala Hayati
B7: Jika kode buku AA maka Judul Buku adalah Databse
B8: Jika kode buku AB maka Judul Buku adalah Miscrosoft Excel
B9: Jika Judul Buku adalah Database maka Pengarang adalah Yogiyanto
B10: Jika Judul Buku adalah Miscrosoft Excel maka Pengarang adalah Nala Hayati

Sheet Latihan If
B2: NO | C2: NAMA MAHASISWA | D2: HASIL UJIAN | H2: NILAI | K2: KETERANGAN
D3: WIND | E3: WORD | F3: EXCEL | G3: ACC | H3: RATA-RATA | I3: HURUF | J3: PREDIKAT
B4: 1 | C4: Dina | D4: 75 | E4: 85 | F4: 85 | G4: 87 | H4: =AVERAGE(D4:G4) -> 83 | I4: =IF(H4<=59,"E",IF(H4<=69,"D",IF(H4<=79,"C",IF(H4<=89,"B","A")))) -> B | J4: =IF(I4="E","Kurang",IF(I4="D","Cukup",IF(I4="C","Baik",IF(I4="B","Memuaskan","Sangat Memuaskan")))) -> Memuaskan | K4: =IF(H4>=60,"Lulus","Tidak Lulus") -> Lulus
B5: 2 | C5: Nina | D5: 85 | E5: 89 | F5: 86 | G5: 89 | H5: =AVERAGE(D5:G5) -> 87.25 | I5: =IF(H5<=59,"E",IF(H5<=69,"D",IF(H5<=79,"C",IF(H5<=89,"B","A")))) -> B | J5: =IF(I5="E","Kurang",IF(I5="D","Cukup",IF(I5="C","Baik",IF(I5="B","Memuaskan","Sangat Memuaskan")))) -> Memuaskan | K5: =IF(H5>=60,"Lulus","Tidak Lulus") -> Lulus
B6: 3 | C6: Niomo | D6: 65 | E6: 60 | F6: 75 | G6: 85 | H6: =AVERAGE(D6:G6) -> 71.25 | I6: =IF(H6<=59,"E",IF(H6<=69,"D",IF(H6<=79,"C",IF(H6<=89,"B","A")))) -> C | J6: =IF(I6="E","Kurang",IF(I6="D","Cukup",IF(I6="C","Baik",IF(I6="B","Memuaskan","Sangat Memuaskan")))) -> Baik | K6: =IF(H6>=60,"Lulus","Tidak Lulus") -> Lulus
B7: 4 | C7: Nur | D7: 45 | E7: 50 | F7: 55 | G7: 65 | H7: =AVERAGE(D7:G7) -> 53.75 | I7: =IF(H7<=59,"E",IF(H7<=69,"D",IF(H7<=79,"C",IF(H7<=89,"B","A")))) -> E | J7: =IF(I7="E","Kurang",IF(I7="D","Cukup",IF(I7="C","Baik",IF(I7="B","Memuaskan","Sangat Memuaskan")))) -> Kurang | K7: =IF(H7>=60,"Lulus","Tidak Lulus") -> Tidak Lulus
B8: 5 | C8: Tutut | D8: 65 | E8: 75 | F8: 69 | G8: 75 | H8: =AVERAGE(D8:G8) -> 71 | I8: =IF(H8<=59,"E",IF(H8<=69,"D",IF(H8<=79,"C",IF(H8<=89,"B","A")))) -> C | J8: =IF(I8="E","Kurang",IF(I8="D","Cukup",IF(I8="C","Baik",IF(I8="B","Memuaskan","Sangat Memuaskan")))) -> Baik | K8: =IF(H8>=60,"Lulus","Tidak Lulus") -> Lulus
B9: 6 | C9: Fika | D9: 55 | E9: 68 | F9: 65 | G9: 54 | H9: =AVERAGE(D9:G9) -> 60.5 | I9: =IF(H9<=59,"E",IF(H9<=69,"D",IF(H9<=79,"C",IF(H9<=89,"B","A")))) -> D | J9: =IF(I9="E","Kurang",IF(I9="D","Cukup",IF(I9="C","Baik",IF(I9="B","Memuaskan","Sangat Memuaskan")))) -> Cukup | K9: =IF(H9>=60,"Lulus","Tidak Lulus") -> Lulus
B10: 7 | C10: Sri | D10: 85 | E10: 88 | F10: 87 | G10: 85 | H10: =AVERAGE(D10:G10) -> 86.25 | I10: =IF(H10<=59,"E",IF(H10<=69,"D",IF(H10<=79,"C",IF(H10<=89,"B","A")))) -> B | J10: =IF(I10="E","Kurang",IF(I10="D","Cukup",IF(I10="C","Baik",IF(I10="B","Memuaskan","Sangat Memuaskan")))) -> Memuaskan | K10: =IF(H10>=60,"Lulus","Tidak Lulus") -> Lulus
B11: 8 | C11: Wili | D11: 90 | E11: 92 | F11: 96 | G11: 90 | H11: =AVERAGE(D11:G11) -> 92 | I11: =IF(H11<=59,"E",IF(H11<=69,"D",IF(H11<=79,"C",IF(H11<=89,"B","A")))) -> A | J11: =IF(I11="E","Kurang",IF(I11="D","Cukup",IF(I11="C","Baik",IF(I11="B","Memuaskan","Sangat Memuaskan")))) -> Sangat Memuaskan | K11: =IF(H11>=60,"Lulus","Tidak Lulus") -> Lulus
B12: 9 | C12: Rina | D12: 56 | E12: 60 | F12: 60 | G12: 33 | H12: =AVERAGE(D12:G12) -> 52.25 | I12: =IF(H12<=59,"E",IF(H12<=69,"D",IF(H12<=79,"C",IF(H12<=89,"B","A")))) -> E | J12: =IF(I12="E","Kurang",IF(I12="D","Cukup",IF(I12="C","Baik",IF(I12="B","Memuaskan","Sangat Memuaskan")))) -> Kurang | K12: =IF(H12>=60,"Lulus","Tidak Lulus") -> Tidak Lulus
B13: 10 | C13: Putri | D13: 62 | E13: 75 | F13: 76 | G13: 56 | H13: =AVERAGE(D13:G13) -> 67.25 | I13: =IF(H13<=59,"E",IF(H13<=69,"D",IF(H13<=79,"C",IF(H13<=89,"B","A")))) -> D | J13: =IF(I13="E","Kurang",IF(I13="D","Cukup",IF(I13="C","Baik",IF(I13="B","Memuaskan","Sangat Memuaskan")))) -> Cukup | K13: =IF(H13>=60,"Lulus","Tidak Lulus") -> Lulus

Sheet Latihan if ke-2
B2: NO | C2: NAMA | D2: GOL | E2: GAJI | H2: TOTAL GAJI | I2: PENGELUARAN | K2: GAJI BERSIH
E3: GAPOK | F3: TUNJ | G3: TRANS | I3: PAJAK | J3: ASTEK
B4: 1 | C4: SUNNY | D4: A1 | E4: =IF(D4="A1",250000,IF(D4="A2",325000,IF(D4="A3",350000))) -> 250000 | F4: =IF(D4="A1",175000,IF(D4="A2",275000,IF(D4="A3",350000))) -> 175000 | G4: 125000 | H4: =E4+F4+G4 -> 550000 | I4: =IF(D4="A1",2.5%*E4,IF(D4="A2",2.7%*E4,IF(D4="A3",2.8%*E4))) -> 6250 | J4: =IF(D4="A1",1.5%*E4,IF(D4="A2",1.6%*E4,IF(D4="A3",1.7%*E4))) -> 3750 | K4: =H4-I4-J4 -> 540000
B5: 2 | C5: KATYA | D5: A3 | E5: =IF(D5="A1",250000,IF(D5="A2",325000,IF(D5="A3",350000))) -> 350000 | F5: =IF(D5="A1",175000,IF(D5="A2",275000,IF(D5="A3",350000))) -> 350000 | G5: 125000 | H5: =E5+F5+G5 -> 825000 | I5: =IF(D5="A1",2.5%*E5,IF(D5="A2",2.7%*E5,IF(D5="A3",2.8%*E5))) -> 9800 | J5: =IF(D5="A1",1.5%*E5,IF(D5="A2",1.6%*E5,IF(D5="A3",1.7%*E5))) -> 5950 | K5: =H5-I5-J5 -> 809250
B6: 3 | C6: IBOB | D6: A2 | E6: =IF(D6="A1",250000,IF(D6="A2",325000,IF(D6="A3",350000))) -> 325000 | F6: =IF(D6="A1",175000,IF(D6="A2",275000,IF(D6="A3",350000))) -> 275000 | G6: 125000 | H6: =E6+F6+G6 -> 725000 | I6: =IF(D6="A1",2.5%*E6,IF(D6="A2",2.7%*E6,IF(D6="A3",2.8%*E6))) -> 8775 | J6: =IF(D6="A1",1.5%*E6,IF(D6="A2",1.6%*E6,IF(D6="A3",1.7%*E6))) -> 5200 | K6: =H6-I6-J6 -> 711025
B7: 4 | C7: CECILIA | D7: A1 | E7: =IF(D7="A1",250000,IF(D7="A2",325000,IF(D7="A3",350000))) -> 250000 | F7: =IF(D7="A1",175000,IF(D7="A2",275000,IF(D7="A3",350000))) -> 175000 | G7: 125000 | H7: =E7+F7+G7 -> 550000 | I7: =IF(D7="A1",2.5%*E7,IF(D7="A2",2.7%*E7,IF(D7="A3",2.8%*E7))) -> 6250 | J7: =IF(D7="A1",1.5%*E7,IF(D7="A2",1.6%*E7,IF(D7="A3",1.7%*E7))) -> 3750 | K7: =H7-I7-J7 -> 540000
B8: 5 | C8: CHATRINE | D8: A2 | E8: =IF(D8="A1",250000,IF(D8="A2",325000,IF(D8="A3",350000))) -> 325000 | F8: =IF(D8="A1",175000,IF(D8="A2",275000,IF(D8="A3",350000))) -> 275000 | G8: 125000 | H8: =E8+F8+G8 -> 725000 | I8: =IF(D8="A1",2.5%*E8,IF(D8="A2",2.7%*E8,IF(D8="A3",2.8%*E8))) -> 8775 | J8: =IF(D8="A1",1.5%*E8,IF(D8="A2",1.6%*E8,IF(D8="A3",1.7%*E8))) -> 5200 | K8: =H8-I8-J8 -> 711025
B9: 6 | C9: MEI MEI | D9: A3 | E9: =IF(D9="A1",250000,IF(D9="A2",325000,IF(D9="A3",350000))) -> 350000 | F9: =IF(D9="A1",175000,IF(D9="A2",275000,IF(D9="A3",350000))) -> 350000 | G9: 125000 | H9: =E9+F9+G9 -> 825000 | I9: =IF(D9="A1",2.5%*E9,IF(D9="A2",2.7%*E9,IF(D9="A3",2.8%*E9))) -> 9800 | J9: =IF(D9="A1",1.5%*E9,IF(D9="A2",1.6%*E9,IF(D9="A3",1.7%*E9))) -> 5950 | K9: =H9-I9-J9 -> 809250
B10: 7 | C10: BOBOY BOY | D10: A2 | E10: =IF(D10="A1",250000,IF(D10="A2",325000,IF(D10="A3",350000))) -> 325000 | F10: =IF(D10="A1",175000,IF(D10="A2",275000,IF(D10="A3",350000))) -> 275000 | G10: 125000 | H10: =E10+F10+G10 -> 725000 | I10: =IF(D10="A1",2.5%*E10,IF(D10="A2",2.7%*E10,IF(D10="A3",2.8%*E10))) -> 8775 | J10: =IF(D10="A1",1.5%*E10,IF(D10="A2",1.6%*E10,IF(D10="A3",1.7%*E10))) -> 5200 | K10: =H10-I10-J10 -> 711025

Sheet IF&AND&OR
A1: MAHASISWA BISA MENGIKUTI UJIAN JIKA ASBEN FULL DAN SUDAH MELUNASI BIAYA KULIAH, SELAIN ITU TIDAK BOLEH MENGIKUTI UJIAN
B3: AND
B4: ABSEN | C4: BIAYA KULIAH | D4: HASIL
B5: FULL | C5: LUNAS | D5: =IF(AND(B5="FULL",C5="LUNAS"),"UJIAN","TIDAK UJIAN") -> UJIAN
B6: TIDAK FULL | C6: LUNAS | D6: =IF(AND(B6="FULL",C6="LUNAS"),"UJIAN","TIDAK UJIAN") -> TIDAK UJIAN
B7: FULL | C7: TIDAK LUNAS | D7: =IF(AND(B7="FULL",C7="LUNAS"),"UJIAN","TIDAK UJIAN") -> TIDAK UJIAN
B8: TIDAK FULL | C8: TIDAK LUNAS | D8: =IF(AND(B8="FULL",C8="LUNAS"),"UJIAN","TIDAK UJIAN") -> TIDAK UJIAN
B10: OR
B11: ABSEN | C11: BIAYA KULIAH | D11: HASIL
B12: FULL | C12: LUNAS | D12: =IF(OR(B12="FULL",C12="LUNAS"),"UJIAN","TIDAK UJIAN") -> UJIAN
B13: TIDAK FULL | C13: LUNAS | D13: =IF(OR(B13="FULL",C13="LUNAS"),"UJIAN","TIDAK UJIAN") -> UJIAN
B14: FULL | C14: MENUNGGAK | D14: =IF(OR(B14="FULL",C14="LUNAS"),"UJIAN","TIDAK UJIAN") -> UJIAN
B15: TIDAK FULL | C15: MENUGGAK | D15: =IF(OR(B15="FULL",C15="LUNAS"),"UJIAN","TIDAK UJIAN") -> TIDAK UJIAN

Sheet LATIHAN
A1: NO | B1: KODE LAMARAN | C1: NAMA PELAMAR | D1: UMUR(TH) | E1: PENDIDIKAN TERAKHIR | F1: JABATAN | G1: NILAI | I1: HASIL TEST | K1: KETERANGAN
G2: ATTITUDE | H2: PSYCHO | I2: ATTITUDE | J2: PSYCHO
A3: 1 | B3: AB | C3: SINGGIH ARSANTI | D3: 24 | E3: =IF(B3="AB","Sarjana Ekonomi",IF(B3="AC","sarjana Komputer",IF(B3="AD","SMEA","pendidikan SMA"))) -> Sarjana Ekonomi | F3: =IF(E3="Sarjana Ekonomi","Staff Accounting",IF(E3="sarjana Komputer","Manager EDP",IF(E3="SMEA","Staff Administrasi","Satpam"))) -> Staff Accounting | G3: 65 | H3: 30 | I3: =IF(AND(D3<26,D3>20),"Lulus","TidakLulus") -> Lulus | J3: =IF(OR(G3>60,H3>50),"Lulus","Tidak lulus") -> Lulus | K3: =IF(AND(I3="Lulus",J3="Lulus"),"Lulus",IF(AND(I3="Tidaklulus",D3>=20),"Dipertimbangkan","Tidak Lulus")) -> Lulus
A4: 2 | B4: AC | C4: BOMA SALIGATING | D4: 28 | E4: =IF(B4="AB","Sarjana Ekonomi",IF(B4="AC","sarjana Komputer",IF(B4="AD","SMEA","pendidikan SMA"))) -> sarjana Komputer | F4: =IF(E4="Sarjana Ekonomi","Staff Accounting",IF(E4="sarjana Komputer","Manager EDP",IF(E4="SMEA","Staff Administrasi","Satpam"))) -> Manager EDP | G4: 42 | H4: 84 | I4: =IF(AND(D4<26,D4>20),"Lulus","TidakLulus") -> TidakLulus | J4: =IF(OR(G4>60,H4>50),"Lulus","Tidak lulus") -> Lulus | K4: =IF(AND(I4="Lulus",J4="Lulus"),"Lulus",IF(AND(I4="Tidaklulus",D4>=20),"Dipertimbangkan","Tidak Lulus")) -> Dipertimbangkan
A5: 3 | B5: AD | C5: EKO PRASETYO | D5: 19 | E5: =IF(B5="AB","Sarjana Ekonomi",IF(B5="AC","sarjana Komputer",IF(B5="AD","SMEA","pendidikan SMA"))) -> SMEA | F5: =IF(E5="Sarjana Ekonomi","Staff Accounting",IF(E5="sarjana Komputer","Manager EDP",IF(E5="SMEA","Staff Administrasi","Satpam"))) -> Staff Administrasi | G5: 45 | H5: 22 | I5: =IF(AND(D5<26,D5>20),"Lulus","TidakLulus") -> TidakLulus | J5: =IF(OR(G5>60,H5>50),"Lulus","Tidak lulus") -> Tidak lulus | K5: =IF(AND(I5="Lulus",J5="Lulus"),"Lulus",IF(AND(I5="Tidaklulus",D5>=20),"Dipertimbangkan","Tidak Lulus")) -> Tidak Lulus
A6: 4 | B6: AB | C6: TAMARA MILVISKY | D6: 25 | E6: =IF(B6="AB","Sarjana Ekonomi",IF(B6="AC","sarjana Komputer",IF(B6="AD","SMEA","pendidikan SMA"))) -> Sarjana Ekonomi | F6: =IF(E6="Sarjana Ekonomi","Staff Accounting",IF(E6="sarjana Komputer","Manager EDP",IF(E6="SMEA","Staff Administrasi","Satpam"))) -> Staff Accounting | G6: 80 | H6: 69 | I6: =IF(AND(D6<26,D6>20),"Lulus","TidakLulus") -> Lulus | J6: =IF(OR(G6>60,H6>50),"Lulus","Tidak lulus") -> Lulus | K6: =IF(AND(I6="Lulus",J6="Lulus"),"Lulus",IF(AND(I6="Tidaklulus",D6>=20),"Dipertimbangkan","Tidak Lulus")) -> Lulus
A7: 5 | B7: AE | C7: ENDAH SARASWATI | D7: 25 | E7: =IF(B7="AB","Sarjana Ekonomi",IF(B7="AC","sarjana Komputer",IF(B7="AD","SMEA","pendidikan SMA"))) -> pendidikan SMA | F7: =IF(E7="Sarjana Ekonomi","Staff Accounting",IF(E7="sarjana Komputer","Manager EDP",IF(E7="SMEA","Staff Administrasi","Satpam"))) -> Satpam | G7: 61 | H7: 36 | I7: =IF(AND(D7<26,D7>20),"Lulus","TidakLulus") -> Lulus | J7: =IF(OR(G7>60,H7>50),"Lulus","Tidak lulus") -> Lulus | K7: =IF(AND(I7="Lulus",J7="Lulus"),"Lulus",IF(AND(I7="Tidaklulus",D7>=20),"Dipertimbangkan","Tidak Lulus")) -> Lulus
A8: 6 | B8: AD | C8: NIA MELVINA | D8: 22 | E8: =IF(B8="AB","Sarjana Ekonomi",IF(B8="AC","sarjana Komputer",IF(B8="AD","SMEA","pendidikan SMA"))) -> SMEA | F8: =IF(E8="Sarjana Ekonomi","Staff Accounting",IF(E8="sarjana Komputer","Manager EDP",IF(E8="SMEA","Staff Administrasi","Satpam"))) -> Staff Administrasi | G8: 42 | H8: 41 | I8: =IF(AND(D8<26,D8>20),"Lulus","TidakLulus") -> Lulus | J8: =IF(OR(G8>60,H8>50),"Lulus","Tidak lulus") -> Tidak lulus | K8: =IF(AND(I8="Lulus",J8="Lulus"),"Lulus",IF(AND(I8="Tidaklulus",D8>=20),"Dipertimbangkan","Tidak Lulus")) -> Tidak Lulus
A9: 7 | B9: AB | C9: THEO BRAMANTORO | D9: 29 | E9: =IF(B9="AB","Sarjana Ekonomi",IF(B9="AC","sarjana Komputer",IF(B9="AD","SMEA","pendidikan SMA"))) -> Sarjana Ekonomi | F9: =IF(E9="Sarjana Ekonomi","Staff Accounting",IF(E9="sarjana Komputer","Manager EDP",IF(E9="SMEA","Staff Administrasi","Satpam"))) -> Staff Accounting | G9: 53 | H9: 67 | I9: =IF(AND(D9<26,D9>20),"Lulus","TidakLulus") -> TidakLulus | J9: =IF(OR(G9>60,H9>50),"Lulus","Tidak lulus") -> Lulus | K9: =IF(AND(I9="Lulus",J9="Lulus"),"Lulus",IF(AND(I9="Tidaklulus",D9>=20),"Dipertimbangkan","Tidak Lulus")) -> Dipertimbangkan
A10: 8 | B10: AC | C10: KAENAN BRAWIJAYA | D10: 26 | E10: =IF(B10="AB","Sarjana Ekonomi",IF(B10="AC","sarjana Komputer",IF(B10="AD","SMEA","pendidikan SMA"))) -> sarjana Komputer | F10: =IF(E10="Sarjana Ekonomi","Staff Accounting",IF(E10="sarjana Komputer","Manager EDP",IF(E10="SMEA","Staff Administrasi","Satpam"))) -> Manager EDP | G10: 55 | H10: 40 | I10: =IF(AND(D10<26,D10>20),"Lulus","TidakLulus") -> TidakLulus | J10: =IF(OR(G10>60,H10>50),"Lulus","Tidak lulus") -> Tidak lulus | K10: =IF(AND(I10="Lulus",J10="Lulus"),"Lulus",IF(AND(I10="Tidaklulus",D10>=20),"Dipertimbangkan","Tidak Lulus")) -> Dipertimbangkan
A11: 9 | B11: AD | C11: DENOK KEMALA | D11: 21 | E11: =IF(B11="AB","Sarjana Ekonomi",IF(B11="AC","sarjana Komputer",IF(B11="AD","SMEA","pendidikan SMA"))) -> SMEA | F11: =IF(E11="Sarjana Ekonomi","Staff Accounting",IF(E11="sarjana Komputer","Manager EDP",IF(E11="SMEA","Staff Administrasi","Satpam"))) -> Staff Administrasi | G11: 75 | H11: 65 | I11: =IF(AND(D11<26,D11>20),"Lulus","TidakLulus") -> Lulus | J11: =IF(OR(G11>60,H11>50),"Lulus","Tidak lulus") -> Lulus | K11: =IF(AND(I11="Lulus",J11="Lulus"),"Lulus",IF(AND(I11="Tidaklulus",D11>=20),"Dipertimbangkan","Tidak Lulus")) -> Lulus
A12: 10 | B12: AE | C12: TUMINEM ATMOWILOTO | D12: 30 | E12: =IF(B12="AB","Sarjana Ekonomi",IF(B12="AC","sarjana Komputer",IF(B12="AD","SMEA","pendidikan SMA"))) -> pendidikan SMA | F12: =IF(E12="Sarjana Ekonomi","Staff Accounting",IF(E12="sarjana Komputer","Manager EDP",IF(E12="SMEA","Staff Administrasi","Satpam"))) -> Satpam | G12: 76 | H12: 78 | I12: =IF(AND(D12<26,D12>20),"Lulus","TidakLulus") -> TidakLulus | J12: =IF(OR(G12>60,H12>50),"Lulus","Tidak lulus") -> Lulus | K12: =IF(AND(I12="Lulus",J12="Lulus"),"Lulus",IF(AND(I12="Tidaklulus",D12>=20),"Dipertimbangkan","Tidak Lulus")) -> Dipertimbangkan

Sheet IF&STRING
B2: KODE | C2: JUDUL BUKU | D2: HARGA BUKU
B3: AA-01 | C3: =IF(LEFT(B3,2)="AA","DATABASE",IF(LEFT(B3,2)="AB","SQL",IF(LEFT(B3,2)="AC","HARRY POTTER DAN SECRET CHAMBER"))) -> DATABASE | D3: =IF(RIGHT(B3,2)="01",85000,IF(RIGHT(B3,2)="02",100000)) -> 85000
B4: AB-02 | C4: =IF(LEFT(B4,2)="AA","DATABASE",IF(LEFT(B4,2)="AB","SQL",IF(LEFT(B4,2)="AC","HARRY POTTER DAN SECRET CHAMBER"))) -> SQL | D4: =IF(RIGHT(B4,2)="01",85000,IF(RIGHT(B4,2)="02",100000)) -> 100000
B5: AC-01 | C5: =IF(LEFT(B5,2)="AA","DATABASE",IF(LEFT(B5,2)="AB","SQL",IF(LEFT(B5,2)="AC","HARRY POTTER DAN SECRET CHAMBER"))) -> HARRY POTTER DAN SECRET CHAMBER | D5: =IF(RIGHT(B5,2)="01",85000,IF(RIGHT(B5,2)="02",100000)) -> 85000

Sheet Latihan if dan String
C1: DISCOUNT | D1: 0.1
B2: NO | C2: KODE | D2: JUDUL CD | E2: JENIS CD | F2: HARGA | G2: JUMLAH BELI | H2: DISCOUNT | I2: TOTAL BELI
B3: 1 | C3: CD-AD-001 | D3: =IF(MID(C3,4,2)="AD","LORD OF THERING",IF(MID(C3,4,2)="AC","RED CLIFF",IF(MID(C3,4,2)="CM","GET MERRIED",IF(MID(C3,4,2)="DR","WINTER SONATA")))) -> LORD OF THERING | E3: =IF(MID(C3,4,2)="AD","ADVENTURE",IF(MID(C3,4,2)="AC","ACTION",IF(MID(C3,4,2)="CM","COMEDI",IF(MID(C3,4,2)="DR","DRAMA")))) -> ADVENTURE | F3: =IF(RIGHT(C3,3)="001",69000,IF(RIGHT(C3,3)="002",45000,IF(RIGHT(C3,3)="003",400000))) -> 69000 | G3: 6 | H3: =IF(OR(G3>=5),F3*$D$1,0) -> 6900 | I3: =F3*G3-H3 -> 407100
B4: 2 | C4: CD-AC-001 | D4: =IF(MID(C4,4,2)="AD","LORD OF THERING",IF(MID(C4,4,2)="AC","RED CLIFF",IF(MID(C4,4,2)="CM","GET MERRIED",IF(MID(C4,4,2)="DR","WINTER SONATA")))) -> RED CLIFF | E4: =IF(MID(C4,4,2)="AD","ADVENTURE",IF(MID(C4,4,2)="AC","ACTION",IF(MID(C4,4,2)="CM","COMEDI",IF(MID(C4,4,2)="DR","DRAMA")))) -> ACTION | F4: =IF(RIGHT(C4,3)="001",69000,IF(RIGHT(C4,3)="002",45000,IF(RIGHT(C4,3)="003",400000))) -> 69000 | G4: 7 | H4: =IF(OR(G4>=5),F4*$D$1,0) -> 6900 | I4: =F4*G4-H4 -> 476100
B5: 3 | C5: CD-AD-001 | D5: =IF(MID(C5,4,2)="AD","LORD OF THERING",IF(MID(C5,4,2)="AC","RED CLIFF",IF(MID(C5,4,2)="CM","GET MERRIED",IF(MID(C5,4,2)="DR","WINTER SONATA")))) -> LORD OF THERING | E5: =IF(MID(C5,4,2)="AD","ADVENTURE",IF(MID(C5,4,2)="AC","ACTION",IF(MID(C5,4,2)="CM","COMEDI",IF(MID(C5,4,2)="DR","DRAMA")))) -> ADVENTURE | F5: =IF(RIGHT(C5,3)="001",69000,IF(RIGHT(C5,3)="002",45000,IF(RIGHT(C5,3)="003",400000))) -> 69000 | G5: 5 | H5: =IF(OR(G5>=5),F5*$D$1,0) -> 6900 | I5: =F5*G5-H5 -> 338100
B6: 4 | C6: CD-CM-002 | D6: =IF(MID(C6,4,2)="AD","LORD OF THERING",IF(MID(C6,4,2)="AC","RED CLIFF",IF(MID(C6,4,2)="CM","GET MERRIED",IF(MID(C6,4,2)="DR","WINTER SONATA")))) -> GET MERRIED | E6: =IF(MID(C6,4,2)="AD","ADVENTURE",IF(MID(C6,4,2)="AC","ACTION",IF(MID(C6,4,2)="CM","COMEDI",IF(MID(C6,4,2)="DR","DRAMA")))) -> COMEDI | F6: =IF(RIGHT(C6,3)="001",69000,IF(RIGHT(C6,3)="002",45000,IF(RIGHT(C6,3)="003",400000))) -> 45000 | G6: 4 | H6: =IF(OR(G6>=5),F6*$D$1,0) -> 0 | I6: =F6*G6-H6 -> 180000
B7: 5 | C7: CD-AC-001 | D7: =IF(MID(C7,4,2)="AD","LORD OF THERING",IF(MID(C7,4,2)="AC","RED CLIFF",IF(MID(C7,4,2)="CM","GET MERRIED",IF(MID(C7,4,2)="DR","WINTER SONATA")))) -> RED CLIFF | E7: =IF(MID(C7,4,2)="AD","ADVENTURE",IF(MID(C7,4,2)="AC","ACTION",IF(MID(C7,4,2)="CM","COMEDI",IF(MID(C7,4,2)="DR","DRAMA")))) -> ACTION | F7: =IF(RIGHT(C7,3)="001",69000,IF(RIGHT(C7,3)="002",45000,IF(RIGHT(C7,3)="003",400000))) -> 69000 | G7: 9 | H7: =IF(OR(G7>=5),F7*$D$1,0) -> 6900 | I7: =F7*G7-H7 -> 614100
B8: 6 | C8: CD-DR-003 | D8: =IF(MID(C8,4,2)="AD","LORD OF THERING",IF(MID(C8,4,2)="AC","RED CLIFF",IF(MID(C8,4,2)="CM","GET MERRIED",IF(MID(C8,4,2)="DR","WINTER SONATA")))) -> WINTER SONATA | E8: =IF(MID(C8,4,2)="AD","ADVENTURE",IF(MID(C8,4,2)="AC","ACTION",IF(MID(C8,4,2)="CM","COMEDI",IF(MID(C8,4,2)="DR","DRAMA")))) -> DRAMA | F8: =IF(RIGHT(C8,3)="001",69000,IF(RIGHT(C8,3)="002",45000,IF(RIGHT(C8,3)="003",400000))) -> 400000 | G8: 2 | H8: =IF(OR(G8>=5),F8*$D$1,0) -> 0 | I8: =F8*G8-H8 -> 800000
B9: 7 | C9: CD-CM-002 | D9: =IF(MID(C9,4,2)="AD","LORD OF THERING",IF(MID(C9,4,2)="AC","RED CLIFF",IF(MID(C9,4,2)="CM","GET MERRIED",IF(MID(C9,4,2)="DR","WINTER SONATA")))) -> GET MERRIED | E9: =IF(MID(C9,4,2)="AD","ADVENTURE",IF(MID(C9,4,2)="AC","ACTION",IF(MID(C9,4,2)="CM","COMEDI",IF(MID(C9,4,2)="DR","DRAMA")))) -> COMEDI | F9: =IF(RIGHT(C9,3)="001",69000,IF(RIGHT(C9,3)="002",45000,IF(RIGHT(C9,3)="003",400000))) -> 45000 | G9: 4 | H9: =IF(OR(G9>=5),F9*$D$1,0) -> 0 | I9: =F9*G9-H9 -> 180000
G10: Total | H10: =SUM(H3:H9) -> 27600 | I10: =SUM(I3:I9) -> 2995400
G11: Jumlah Tertinggi | H11: =MAX(H3:H9) -> 6900 | I11: =MAX(I3:I9) -> 800000
G12: Jumlah Terendah | H12: =MIN(H3:H9) -> 0 | I12: =MIN(I3:I9) -> 180000
G13: Rata-Rata | H13: =AVERAGE(H3:H9) -> 3942.8571 | I13: =AVERAGE(I3:I9) -> 427914.29
G14: Jumlah Data | H14: =COUNT(H3:H9) -> 7 | I14: =COUNT(I3:I9) -> 7

Sheet lATIHAN IF&STRING 2
A1: LAPORAN INVENTARISASI KENDARAAN OPERASIONAL
A2: PT. TIDAK MAU MUNDUR SELALU MAJU
B4: TAHUN | C4: 2023
A5: NO | B5: KODE PENJUALAN | C5: KODE FAKTUR | D5: NAMA KENDARAAN | E5: NEGARA ASAL | F5: BAHAN BAKAR | G5: HARGA BELI | H5: BANYAK BELI | I5: INVESTARIS | J5: LAMA PEMAKAIAN
A6: 1 | B6: TF-SL-02 | C6: 1 | D6: =IF(LEFT(B6,2)="TF","TAFT",IF(LEFT(B6,2)="LC","LAND CRUSER",IF(LEFT(B6,2)="MC","MAC",IF(LEFT(B6,2)="VW","VOLK WAGEN")))) -> TAFT | E6: =CHOOSE(C6,"JEPANG","INGGRIS","AMERIKA","JERMAN") -> JEPANG | F6: =IF(MID(B6,4,2)="SL","SOLAR","BENSIN") -> SOLAR | G6: =CHOOSE(C6,56000,75000,125000,80000) -> 56000 | H6: 10 | I6: =IF(LEFT(B6,2)="TF","PERSONALITY DEPT",IF(LEFT(B6,2)="LC","FORESTRY DEPT",IF(LEFT(B6,2)="MC","TRANSPORTATION DEPT","MARKETING DEPT"))) -> PERSONALITY DEPT | J6: =RIGHT($C$4,2)-RIGHT(B6,2) -> 21
A7: 2 | B7: LC-BS-01 | C7: 2 | D7: =IF(LEFT(B7,2)="TF","TAFT",IF(LEFT(B7,2)="LC","LAND CRUSER",IF(LEFT(B7,2)="MC","MAC",IF(LEFT(B7,2)="VW","VOLK WAGEN")))) -> LAND CRUSER | E7: =CHOOSE(C7,"JEPANG","INGGRIS","AMERIKA","JERMAN") -> INGGRIS | F7: =IF(MID(B7,4,2)="SL","SOLAR","BENSIN") -> BENSIN | G7: =CHOOSE(C7,56000,75000,125000,80000) -> 75000 | H7: 15 | I7: =IF(LEFT(B7,2)="TF","PERSONALITY DEPT",IF(LEFT(B7,2)="LC","FORESTRY DEPT",IF(LEFT(B7,2)="MC","TRANSPORTATION DEPT","MARKETING DEPT"))) -> FORESTRY DEPT | J7: =RIGHT($C$4,2)-RIGHT(B7,2) -> 22
A8: 3 | B8: MC-SL-03 | C8: 3 | D8: =IF(LEFT(B8,2)="TF","TAFT",IF(LEFT(B8,2)="LC","LAND CRUSER",IF(LEFT(B8,2)="MC","MAC",IF(LEFT(B8,2)="VW","VOLK WAGEN")))) -> MAC | E8: =CHOOSE(C8,"JEPANG","INGGRIS","AMERIKA","JERMAN") -> AMERIKA | F8: =IF(MID(B8,4,2)="SL","SOLAR","BENSIN") -> SOLAR | G8: =CHOOSE(C8,56000,75000,125000,80000) -> 125000 | H8: 20 | I8: =IF(LEFT(B8,2)="TF","PERSONALITY DEPT",IF(LEFT(B8,2)="LC","FORESTRY DEPT",IF(LEFT(B8,2)="MC","TRANSPORTATION DEPT","MARKETING DEPT"))) -> TRANSPORTATION DEPT | J8: =RIGHT($C$4,2)-RIGHT(B8,2) -> 20
A9: 4 | B9: VW-BS-09 | C9: 4 | D9: =IF(LEFT(B9,2)="TF","TAFT",IF(LEFT(B9,2)="LC","LAND CRUSER",IF(LEFT(B9,2)="MC","MAC",IF(LEFT(B9,2)="VW","VOLK WAGEN")))) -> VOLK WAGEN | E9: =CHOOSE(C9,"JEPANG","INGGRIS","AMERIKA","JERMAN") -> JERMAN | F9: =IF(MID(B9,4,2)="SL","SOLAR","BENSIN") -> BENSIN | G9: =CHOOSE(C9,56000,75000,125000,80000) -> 80000 | H9: 25 | I9: =IF(LEFT(B9,2)="TF","PERSONALITY DEPT",IF(LEFT(B9,2)="LC","FORESTRY DEPT",IF(LEFT(B9,2)="MC","TRANSPORTATION DEPT","MARKETING DEPT"))) -> MARKETING DEPT | J9: =RIGHT($C$4,2)-RIGHT(B9,2) -> 14
A10: 5 | B10: TF-SL-02 | C10: 3 | D10: =IF(LEFT(B10,2)="TF","TAFT",IF(LEFT(B10,2)="LC","LAND CRUSER",IF(LEFT(B10,2)="MC","MAC",IF(LEFT(B10,2)="VW","VOLK WAGEN")))) -> TAFT | E10: =CHOOSE(C10,"JEPANG","INGGRIS","AMERIKA","JERMAN") -> AMERIKA | F10: =IF(MID(B10,4,2)="SL","SOLAR","BENSIN") -> SOLAR | G10: =CHOOSE(C10,56000,75000,125000,80000) -> 125000 | H10: 30 | I10: =IF(LEFT(B10,2)="TF","PERSONALITY DEPT",IF(LEFT(B10,2)="LC","FORESTRY DEPT",IF(LEFT(B10,2)="MC","TRANSPORTATION DEPT","MARKETING DEPT"))) -> PERSONALITY DEPT | J10: =RIGHT($C$4,2)-RIGHT(B10,2) -> 21
A11: 6 | B11: LC-BS-01 | C11: 4 | D11: =IF(LEFT(B11,2)="TF","TAFT",IF(LEFT(B11,2)="LC","LAND CRUSER",IF(LEFT(B11,2)="MC","MAC",IF(LEFT(B11,2)="VW","VOLK WAGEN")))) -> LAND CRUSER | E11: =CHOOSE(C11,"JEPANG","INGGRIS","AMERIKA","JERMAN") -> JERMAN | F11: =IF(MID(B11,4,2)="SL","SOLAR","BENSIN") -> BENSIN | G11: =CHOOSE(C11,56000,75000,125000,80000) -> 80000 | H11: 32 | I11: =IF(LEFT(B11,2)="TF","PERSONALITY DEPT",IF(LEFT(B11,2)="LC","FORESTRY DEPT",IF(LEFT(B11,2)="MC","TRANSPORTATION DEPT","MARKETING DEPT"))) -> FORESTRY DEPT | J11: =RIGHT($C$4,2)-RIGHT(B11,2) -> 22
A12: 7 | B12: MC-SL-03 | C12: 2 | D12: =IF(LEFT(B12,2)="TF","TAFT",IF(LEFT(B12,2)="LC","LAND CRUSER",IF(LEFT(B12,2)="MC","MAC",IF(LEFT(B12,2)="VW","VOLK WAGEN")))) -> MAC | E12: =CHOOSE(C12,"JEPANG","INGGRIS","AMERIKA","JERMAN") -> INGGRIS | F12: =IF(MID(B12,4,2)="SL","SOLAR","BENSIN") -> SOLAR | G12: =CHOOSE(C12,56000,75000,125000,80000) -> 75000 | H12: 40 | I12: =IF(LEFT(B12,2)="TF","PERSONALITY DEPT",IF(LEFT(B12,2)="LC","FORESTRY DEPT",IF(LEFT(B12,2)="MC","TRANSPORTATION DEPT","MARKETING DEPT"))) -> TRANSPORTATION DEPT | J12: =RIGHT($C$4,2)-RIGHT(B12,2) -> 20
A13: 8 | B13: VW-BS-09 | C13: 1 | D13: =IF(LEFT(B13,2)="TF","TAFT",IF(LEFT(B13,2)="LC","LAND CRUSER",IF(LEFT(B13,2)="MC","MAC",IF(LEFT(B13,2)="VW","VOLK WAGEN")))) -> VOLK WAGEN | E13: =CHOOSE(C13,"JEPANG","INGGRIS","AMERIKA","JERMAN") -> JEPANG | F13: =IF(MID(B13,4,2)="SL","SOLAR","BENSIN") -> BENSIN | G13: =CHOOSE(C13,56000,75000,125000,80000) -> 56000 | H13: 100 | I13: =IF(LEFT(B13,2)="TF","PERSONALITY DEPT",IF(LEFT(B13,2)="LC","FORESTRY DEPT",IF(LEFT(B13,2)="MC","TRANSPORTATION DEPT","MARKETING DEPT"))) -> MARKETING DEPT | J13: =RIGHT($C$4,2)-RIGHT(B13,2) -> 14
A14: 9 | B14: VW-BS-09 | C14: 4 | D14: =IF(LEFT(B14,2)="TF","TAFT",IF(LEFT(B14,2)="LC","LAND CRUSER",IF(LEFT(B14,2)="MC","MAC",IF(LEFT(B14,2)="VW","VOLK WAGEN")))) -> VOLK WAGEN | E14: =CHOOSE(C14,"JEPANG","INGGRIS","AMERIKA","JERMAN") -> JERMAN | F14: =IF(MID(B14,4,2)="SL","SOLAR","BENSIN") -> BENSIN | G14: =CHOOSE(C14,56000,75000,125000,80000) -> 80000 | H14: 200 | I14: =IF(LEFT(B14,2)="TF","PERSONALITY DEPT",IF(LEFT(B14,2)="LC","FORESTRY DEPT",IF(LEFT(B14,2)="MC","TRANSPORTATION DEPT","MARKETING DEPT"))) -> MARKETING DEPT | J14: =RIGHT($C$4,2)-RIGHT(B14,2) -> 14
A15: 10 | B15: TF-SL-02 | C15: 2 | D15: =IF(LEFT(B15,2)="TF","TAFT",IF(LEFT(B15,2)="LC","LAND CRUSER",IF(LEFT(B15,2)="MC","MAC",IF(LEFT(B15,2)="VW","VOLK WAGEN")))) -> TAFT | E15: =CHOOSE(C15,"JEPANG","INGGRIS","AMERIKA","JERMAN") -> INGGRIS | F15: =IF(MID(B15,4,2)="SL","SOLAR","BENSIN") -> SOLAR | G15: =CHOOSE(C15,56000,75000,125000,80000) -> 75000 | H15: 390 | I15: =IF(LEFT(B15,2)="TF","PERSONALITY DEPT",IF(LEFT(B15,2)="LC","FORESTRY DEPT",IF(LEFT(B15,2)="MC","TRANSPORTATION DEPT","MARKETING DEPT"))) -> PERSONALITY DEPT | J15: =RIGHT($C$4,2)-RIGHT(B15,2) -> 21
C18: TABEL NEGARA & HARGA BELI
C19: KODE | D19: NEGARA | E19: HARAG BELI
C20: 1 | D20: JEPANG | E20: 56000
C21: 2 | D21: INNGGRIS | E21: 75000
C22: 3 | D22: AMERIKA | E22: 125000
C23: 4 | D23: JERMAN | E23: 80000

Sheet LOOKUP
B2: KODE | C2: JUDUL BUKU | D2: HARGA BUKU | E2: JUMMLAH BELI
B3: AA | C3: =VLOOKUP(B3,BUKU,2,0) -> DATABASE | D3: =HLOOKUP(B3,Harga,2,0) -> 85000
B4: AB | C4: =VLOOKUP(B4,BUKU,2,0) -> SQL SERVER | D4: =HLOOKUP(B4,Harga,2,0) -> 100000
B5: AC | C5: =VLOOKUP(B5,BUKU,2,0) -> MICROSOFT EXCEL | D5: =HLOOKUP(B5,Harga,2,0) -> 50000
B8: KODE | C8: JUDUL BUKU | E8: KODE | F8: AA | G8: AB | H8: AC
B9: AA | C9: DATABASE | E9: HARGA BUKU | F9: 85000 | G9: 100000 | H9: 50000
B10: AB | C10: SQL SERVER
B11: AC | C11: MICROSOFT EXCEL

Sheet Latihan LOOKUP
B1: REKAPITULASI GAJI
B2: BULAN : JULI 2018
B4: NO | C4: NIP | D4: NAMA | E4: GOL | F4: GAJI-GAJI | I4: POTONGAN-POTONGAN | L4: TOTAL POTONGAN | M4: GAJI BERSIH
F5: GAJI POKOK | G5: TUNJ. JABATAN | H5: TUNJ. KELUARGA | I5: PAJAK | J5: ASTEK | K5: KASBON
B6: 1 | C6: 1 | D6: =VLOOKUP(C6,NAMA,2,0) -> Septa | E6: A | F6: =HLOOKUP(E6,Gaji,2,0) -> 1250000 | G6: =IF(E6="A",200000,IF(E6="B",225000,IF(E6="C",330000))) -> 200000 | H6: =IF(VLOOKUP(C6,NAMA,3,0)="Nikah",75000,0) -> 75000 | I6: =5%*F6 -> 62500 | J6: =2.5%*F6 -> 31250 | K6: 50000 | L6: =I6+J6+K6 -> 143750 | M6: =(F6+G6+H6) -L6 -> 1381250
B7: 2 | C7: 2 | D7: =VLOOKUP(C7,NAMA,2,0) -> Adi | E7: B | F7: =HLOOKUP(E7,Gaji,2,0) -> 1450000 | G7: =IF(E7="A",200000,IF(E7="B",225000,IF(E7="C",330000))) -> 225000 | H7: =IF(VLOOKUP(C7,NAMA,3,0)="Nikah",75000,0) -> 0 | I7: =5%*F7 -> 72500 | J7: =2.5%*F7 -> 36250 | L7: =I7+J7+K7 -> 108750 | M7: =(F7+G7+H7) -L7 -> 1566250
B8: 3 | C8: 3 | D8: =VLOOKUP(C8,NAMA,2,0) -> Hikmatiar | E8: A | F8: =HLOOKUP(E8,Gaji,2,0) -> 1250000 | G8: =IF(E8="A",200000,IF(E8="B",225000,IF(E8="C",330000))) -> 200000 | H8: =IF(VLOOKUP(C8,NAMA,3,0)="Nikah",75000,0) -> 75000 | I8: =5%*F8 -> 62500 | J8: =2.5%*F8 -> 31250 | K8: 150000 | L8: =I8+J8+K8 -> 243750 | M8: =(F8+G8+H8) -L8 -> 1281250
B9: 4 | C9: 4 | D9: =VLOOKUP(C9,NAMA,2,0) -> Jaja Miharja | E9: C | F9: =HLOOKUP(E9,Gaji,2,0) -> 1455000 | G9: =IF(E9="A",200000,IF(E9="B",225000,IF(E9="C",330000))) -> 330000 | H9: =IF(VLOOKUP(C9,NAMA,3,0)="Nikah",75000,0) -> 75000 | I9: =5%*F9 -> 72750 | J9: =2.5%*F9 -> 36375 | K9: 20000 | L9: =I9+J9+K9 -> 129125 | M9: =(F9+G9+H9) -L9 -> 1730875
B10: 5 | C10: 5 | D10: =VLOOKUP(C10,NAMA,2,0) -> Karimun | E10: B | F10: =HLOOKUP(E10,Gaji,2,0) -> 1450000 | G10: =IF(E10="A",200000,IF(E10="B",225000,IF(E10="C",330000))) -> 225000 | H10: =IF(VLOOKUP(C10,NAMA,3,0)="Nikah",75000,0) -> 0 | I10: =5%*F10 -> 72500 | J10: =2.5%*F10 -> 36250 | L10: =I10+J10+K10 -> 108750 | M10: =(F10+G10+H10) -L10 -> 1566250
B11: 6 | C11: 6 | D11: =VLOOKUP(C11,NAMA,2,0) -> Samirin | E11: C | F11: =HLOOKUP(E11,Gaji,2,0) -> 1455000 | G11: =IF(E11="A",200000,IF(E11="B",225000,IF(E11="C",330000))) -> 330000 | H11: =IF(VLOOKUP(C11,NAMA,3,0)="Nikah",75000,0) -> 75000 | I11: =5%*F11 -> 72750 | J11: =2.5%*F11 -> 36375 | L11: =I11+J11+K11 -> 109125 | M11: =(F11+G11+H11) -L11 -> 1750875
B12: 7 | C12: 7 | D12: =VLOOKUP(C12,NAMA,2,0) -> Iye Indriastuti | E12: A | F12: =HLOOKUP(E12,Gaji,2,0) -> 1250000 | G12: =IF(E12="A",200000,IF(E12="B",225000,IF(E12="C",330000))) -> 200000 | H12: =IF(VLOOKUP(C12,NAMA,3,0)="Nikah",75000,0) -> 75000 | I12: =5%*F12 -> 62500 | J12: =2.5%*F12 -> 31250 | K12: 23000 | L12: =I12+J12+K12 -> 116750 | M12: =(F12+G12+H12) -L12 -> 1408250
B14: Tabel Gaji Pokok | G14: Table Karyawan
B16: Gol | C16: A | D16: B | E16: C | G16: NIP | H16: Nama | I16: Status Pernikahan
B17: Gaji Pokok | C17: 1250000 | D17: 1450000 | E17: 1455000 | G17: 1 | H17: Septa | I17: Nikah
G18: 2 | H18: Adi | I18: Tidak Nikah
G19: 3 | H19: Hikmatiar | I19: Nikah
G20: 4 | H20: Jaja Miharja | I20: Nikah
G21: 5 | H21: Karimun | I21: Tidak Nikah
G22: 6 | H22: Samirin | I22: Nikah
G23: 7 | H23: Iye Indriastuti | I23: Nikah
B25: Perintah :
B26: 1. Nama Pegawai, diisi berdasarkan tabel Karyawan
B27: 2. Gaji Pokok diisi berdasarkan tabel Gaji Pokok
B28: 3. Tunjangan Jabatan diisi jika Gol = A Rp. 200,000,-, Jika Gol = 2 Rp. 225,000,- dan Jika Gol C Rp. 330,000,-
B29: 4. Tunjangan Keluarga diisi berdasarkan Tabel Karyawan, Jika status Nikah Rp. 75,000,- Jika Tidak Nikah Rp. 0,-
B30: 5. Pajak diisi dengan 5% dari Gaji Pokok
B31: 6. Astek diisi dengan 2.5% dari Gaji Pokok
B32: 7. Total Potongan diisi dengan Pajak + Astek + Kasbon
B33: 8. Gaji Bersih diisi dengan Gaji Kotor - Total Potongan

Sheet LOOKUP&STRING
B2: KODE | C2: BUAH | D2: ASAL
B3: AB-MA | C3: =VLOOKUP(LEFT(B3,2),buah,2,0) -> MANGGA | D3: =HLOOKUP(RIGHT(B3,2),Asal,2,0) -> MALANG
B4: AC-SI | C4: =VLOOKUP(LEFT(B4,2),buah,2,0) -> SALAK | D4: =HLOOKUP(RIGHT(B4,2),Asal,2,0) -> SIBOLGA
B5: AD-MA | C5: =VLOOKUP(LEFT(B5,2),buah,2,0) -> LEMON | D5: =HLOOKUP(RIGHT(B5,2),Asal,2,0) -> MALANG
B7: TABEL BUAH | E7: TABEL ASAL
B8: KODE | C8: BUAH | E8: KODE | F8: MA | G8: SI
B9: AB | C9: MANGGA | E9: ASAL | F9: MALANG | G9: SIBOLGA
B10: AC | C10: SALAK
B11: AD | C11: LEMON

Sheet Latihan lookup&string
A1: DAFTAR PENJUALAN BARANG
J2: JTH TEMPOH: | K2: 7
A3: NO URUT | B3: KODE BARANG | C3: NAMA BARANG | D3: TYPE BARANG | E3: HARGA SATUAN | F3: JUMLAH BARANG | G3: TGL PESAN | H3: JATUH TEMPOH | I3: TGL BAYAR | J3: DISCOUNT | K3: DENDA | L3: TOTAL BAYAR
A4: 1 | B4: A1 | C4: =VLOOKUP(LEFT(B4,1),N_BRG,2,0) -> KEYBOARD | D4: =VLOOKUP(RIGHT(B4,1),tyPE_BRG,2,0) -> LOKAL | E4: =VLOOKUP(LEFT(B4,1),N_BRG,3,0) -> 55000 | F4: 34 | G4: 45574 | H4: =G4+$K$2 -> 45581 | I4: 45576 | J4: =IF(G4=I4,10%*(F4*E4),0) -> 0 | K4: =IF(I4>H4,2%*(F4*E4),0) -> 0 | L4: =F4*E4-J4+K4 -> 1870000
A5: 2 | B5: B3 | C5: =VLOOKUP(LEFT(B5,1),N_BRG,2,0) -> MOUSE | D5: =VLOOKUP(RIGHT(B5,1),tyPE_BRG,2,0) -> BLANK | E5: =VLOOKUP(LEFT(B5,1),N_BRG,3,0) -> 35000 | F5: 43 | G5: 45575 | H5: =G5+$K$2 -> 45582 | I5: 45585 | J5: =IF(G5=I5,10%*(F5*E5),0) -> 0 | K5: =IF(I5>H5,2%*(F5*E5),0) -> 30100 | L5: =F5*E5-J5+K5 -> 1535100
A6: 3 | B6: A2 | C6: =VLOOKUP(LEFT(B6,1),N_BRG,2,0) -> KEYBOARD | D6: =VLOOKUP(RIGHT(B6,1),tyPE_BRG,2,0) -> LUAR | E6: =VLOOKUP(LEFT(B6,1),N_BRG,3,0) -> 55000 | F6: 40 | G6: 45577 | H6: =G6+$K$2 -> 45584 | I6: 45577 | J6: =IF(G6=I6,10%*(F6*E6),0) -> 220000 | K6: =IF(I6>H6,2%*(F6*E6),0) -> 0 | L6: =F6*E6-J6+K6 -> 1980000
A7: 4 | B7: A3 | C7: =VLOOKUP(LEFT(B7,1),N_BRG,2,0) -> KEYBOARD | D7: =VLOOKUP(RIGHT(B7,1),tyPE_BRG,2,0) -> BLANK | E7: =VLOOKUP(LEFT(B7,1),N_BRG,3,0) -> 55000 | F7: 20 | G7: 45577 | H7: =G7+$K$2 -> 45584 | I7: 45579 | J7: =IF(G7=I7,10%*(F7*E7),0) -> 0 | K7: =IF(I7>H7,2%*(F7*E7),0) -> 0 | L7: =F7*E7-J7+K7 -> 1100000
A8: 5 | B8: C1 | C8: =VLOOKUP(LEFT(B8,1),N_BRG,2,0) -> STABILIZER | D8: =VLOOKUP(RIGHT(B8,1),tyPE_BRG,2,0) -> LOKAL | E8: =VLOOKUP(LEFT(B8,1),N_BRG,3,0) -> 65000 | F8: 50 | G8: 45578 | H8: =G8+$K$2 -> 45585 | I8: 45578 | J8: =IF(G8=I8,10%*(F8*E8),0) -> 325000 | K8: =IF(I8>H8,2%*(F8*E8),0) -> 0 | L8: =F8*E8-J8+K8 -> 2925000
A9: 6 | B9: B2 | C9: =VLOOKUP(LEFT(B9,1),N_BRG,2,0) -> MOUSE | D9: =VLOOKUP(RIGHT(B9,1),tyPE_BRG,2,0) -> LUAR | E9: =VLOOKUP(LEFT(B9,1),N_BRG,3,0) -> 35000 | F9: 56 | G9: 45580 | H9: =G9+$K$2 -> 45587 | I9: 45581 | J9: =IF(G9=I9,10%*(F9*E9),0) -> 0 | K9: =IF(I9>H9,2%*(F9*E9),0) -> 0 | L9: =F9*E9-J9+K9 -> 1960000
A10: 7 | B10: C2 | C10: =VLOOKUP(LEFT(B10,1),N_BRG,2,0) -> STABILIZER | D10: =VLOOKUP(RIGHT(B10,1),tyPE_BRG,2,0) -> LUAR | E10: =VLOOKUP(LEFT(B10,1),N_BRG,3,0) -> 65000 | F10: 120 | G10: 45582 | H10: =G10+$K$2 -> 45589 | I10: 45582 | J10: =IF(G10=I10,10%*(F10*E10),0) -> 780000 | K10: =IF(I10>H10,2%*(F10*E10),0) -> 0 | L10: =F10*E10-J10+K10 -> 7020000
A11: 8 | B11: C3 | C11: =VLOOKUP(LEFT(B11,1),N_BRG,2,0) -> STABILIZER | D11: =VLOOKUP(RIGHT(B11,1),tyPE_BRG,2,0) -> BLANK | E11: =VLOOKUP(LEFT(B11,1),N_BRG,3,0) -> 65000 | F11: 34 | G11: 45584 | H11: =G11+$K$2 -> 45591 | I11: 45586 | J11: =IF(G11=I11,10%*(F11*E11),0) -> 0 | K11: =IF(I11>H11,2%*(F11*E11),0) -> 0 | L11: =F11*E11-J11+K11 -> 2210000
A13: SOAL:
A14: 1. Nama Barang, Harga Satuan dan Satuan diisi berdasarkan pada sheet 1, berdasarkan kode barang
A15: 2. Type Barang, diisi berdasarkan tabel yang ada disheet2, berdasarkan type barang
A16: 3. Jatuh tempoh 7 hari dari tanggal pemesanan barang
A17: 4. Discount diberikan 10% dari Jumlah Barang x Harga Satuan, Jika Tgl Bayar sama dengan Tgl Pesan
A18: 5. Denda diberikan 2 % dari jumlah Barang x Harga Satuan, jika tgl Bayar lebih besar dari Tgl Jatuh Tempoh
A19: 6. Total Bayar diisi dengan jumlah barang x harga satuan - discount + denda
B22: TYPE BARANG | C22: TOTAL | D22: JUMLAH TERTINGGI | E22: JUMLAH TERENDAH | F22: RATA-RATA | G22: JUMLAH DATA
B23: LOKAL | C23: =SUMIF($D$4:$D$11,B23,$L$4:$L$11) -> 4795000
B24: LUAR | C24: =SUMIF($D$4:$D$11,B24,$L$4:$L$11) -> 10960000
B25: BLANK | C25: =SUMIF($D$4:$D$11,B25,$L$4:$L$11) -> 4845100
B27: NAMA BARANG | C27: TOTAL | D27: JUMLAH TERTINGGI | E27: JUMLAH TERENDAH | F27: RATA-RATA | G27: JUMLAH DATA
B28: KEYBOARD
B29: MOUSE
B30: STABILIZER

Sheet typebrg
A1: TABLE TYPE BARANG
A2: KODE TYPE | B2: TYPE BARANG
A3: 1 | B3: LOKAL
A4: 2 | B4: LUAR
A5: 3 | B5: BLANK

Sheet na_brg
A1: TABEL NAMA DAN HARGA BARANG
A2: KODE BARANG | B2: NAMA BARANG | C2: HARGA BARANG
A3: A | B3: KEYBOARD | C3: 55000
A4: B | B4: MOUSE | C4: 35000
A5: C | B5: STABILIZER | C5: 65000

Sheet Soal A
B2: REKAPITULASI PENJUALAN TIKET PESAWAT
B3: TANGGAL 13 APRIL
J4: PAJAK | K4: 0.11
J5: DISKON | K5: 0.15
B6: NO | C6: KODE TIKET | D6: RUTE | E6: TARIF | F6: JAM KEBERANGKATAN | G6: TANGGAL BELI | H6: JUMLAH PESAN | I6: DISCOUNT | J6: PAJAK | K6: TOTAL
B7: 1 | C7: T-001-07.00 | D7: =VLOOKUP(LEFT('Soal A'!C7,5),TABEL_TIKET,2,0) -> JAKARTA-MEDAN | E7: =VLOOKUP(LEFT('Soal A'!C7,5),TABEL_TIKET,3,0) -> 1300000 | F7: =RIGHT(C7,5) -> 07.00 | G7: 45760 | H7: 12 | I7: =IF(D7="JAKARTA-MAKASSAR",E7*$K$5,0) -> 0 | J7: =$K$4*(E7*H7) -> 1716000 | K7: =E7*H7+J7-I7 -> 17316000
B8: 2 | C8: T-002-07.00 | D8: =VLOOKUP(LEFT('Soal A'!C8,5),TABEL_TIKET,2,0) -> JAKARTA-LOMBOK | E8: =VLOOKUP(LEFT('Soal A'!C8,5),TABEL_TIKET,3,0) -> 950000 | F8: =RIGHT(C8,5) -> 07.00 | G8: 45760 | H8: 10 | I8: =IF(D8="JAKARTA-MAKASSAR",E8*$K$5,0) -> 0 | J8: =$K$4*(E8*H8) -> 1045000 | K8: =E8*H8+J8-I8 -> 10545000
B9: 3 | C9: T-003-07.00 | D9: =VLOOKUP(LEFT('Soal A'!C9,5),TABEL_TIKET,2,0) -> JAKARTA-MAKASSAR | E9: =VLOOKUP(LEFT('Soal A'!C9,5),TABEL_TIKET,3,0) -> 1750000 | F9: =RIGHT(C9,5) -> 07.00 | G9: 45760 | H9: 15 | I9: =IF(D9="JAKARTA-MAKASSAR",E9*$K$5,0) -> 262500 | J9: =$K$4*(E9*H9) -> 2887500 | K9: =E9*H9+J9-I9 -> 28875000
B10: 4 | C10: T-004-10.45 | D10: =VLOOKUP(LEFT('Soal A'!C10,5),TABEL_TIKET,2,0) -> JAKARTA-PADANG | E10: =VLOOKUP(LEFT('Soal A'!C10,5),TABEL_TIKET,3,0) -> 940000 | F10: =RIGHT(C10,5) -> 10.45 | G10: 45760 | H10: 15 | I10: =IF(D10="JAKARTA-MAKASSAR",E10*$K$5,0) -> 0 | J10: =$K$4*(E10*H10) -> 1551000 | K10: =E10*H10+J10-I10 -> 15651000
B11: 5 | C11: T-005-10.45 | D11: =VLOOKUP(LEFT('Soal A'!C11,5),TABEL_TIKET,2,0) -> JAKARTA-SEMARANG | E11: =VLOOKUP(LEFT('Soal A'!C11,5),TABEL_TIKET,3,0) -> 550000 | F11: =RIGHT(C11,5) -> 10.45 | G11: 45760 | H11: 10 | I11: =IF(D11="JAKARTA-MAKASSAR",E11*$K$5,0) -> 0 | J11: =$K$4*(E11*H11) -> 605000 | K11: =E11*H11+J11-I11 -> 6105000
B12: 6 | C12: T-002-07.00 | D12: =VLOOKUP(LEFT('Soal A'!C12,5),TABEL_TIKET,2,0) -> JAKARTA-LOMBOK | E12: =VLOOKUP(LEFT('Soal A'!C12,5),TABEL_TIKET,3,0) -> 950000 | F12: =RIGHT(C12,5) -> 07.00 | G12: 45760 | H12: 10 | I12: =IF(D12="JAKARTA-MAKASSAR",E12*$K$5,0) -> 0 | J12: =$K$4*(E12*H12) -> 1045000 | K12: =E12*H12+J12-I12 -> 10545000
B13: 7 | C13: T-003-07.00 | D13: =VLOOKUP(LEFT('Soal A'!C13,5),TABEL_TIKET,2,0) -> JAKARTA-MAKASSAR | E13: =VLOOKUP(LEFT('Soal A'!C13,5),TABEL_TIKET,3,0) -> 1750000 | F13: =RIGHT(C13,5) -> 07.00 | G13: 45760 | H13: 11 | I13: =IF(D13="JAKARTA-MAKASSAR",E13*$K$5,0) -> 262500 | J13: =$K$4*(E13*H13) -> 2117500 | K13: =E13*H13+J13-I13 -> 21105000
H14: TOTAL PEMBELIAN | J14: =SUM(J7:J13) -> 10967000 | K14: =SUM(K7:K13) -> 110142000
H15: PEMBELIAN TERTINGGI | J15: =MAX(J7:J13) -> 2887500 | K15: =MAX(K7:K13) -> 28875000
H16: PEMBELIAN TERENDAH | J16: =MIN(J7:J13) -> 605000 | K16: =MIN(K7:K13) -> 6105000
H17: RATA-RATA PEMBELIAN | J17: =AVERAGE(J7:J13) -> 1566714.3 | K17: =AVERAGE(K7:K13) -> 15734571

Sheet Tabel tiket_pswt
A1: Kode | B1: RUTE | C1: TARIF
A2: T-001 | B2: JAKARTA-MEDAN | C2: 1300000
A3: T-002 | B3: JAKARTA-LOMBOK | C3: 950000
A4: T-003 | B4: JAKARTA-MAKASSAR | C4: 1750000
A5: T-004 | B5: JAKARTA-PADANG | C5: 940000
A6: T-005 | B6: JAKARTA-SEMARANG | C6: 550000

Sheet Soal B
A1: REKAPITULASI TIKET KERTA API
A2: TANGGAL 13 APRIL
J3: Pajak | K3: 0.11
J4: Discount | K4: 0.15
A5: NO | B5: KODE TIKET | C5: NAMA KERETA API | D5: REALSI (PP) | E5: KELASS | F5: TARIF | G5: TANGGAL BELI | H5: JUMLAH PESAN | I5: DISCOUNT | J5: PAJAK | K5: TOTAL
A6: 1 | B6: KA-ES-01 | C6: =VLOOKUP(B6,ttb_krt,2,0) -> ARGO BROMO ANGGREK | D6: =VLOOKUP(B6,ttb_krt,3,0) -> GAMBIR-SURABAYA TURI | E6: =IF(MID(B6,4,2)="ES","Eksekutif",IF(MID(B6,4,2)="EK","Ekonomi","Bisnis")) -> Eksekutif | F6: =VLOOKUP(B6,ttb_krt,4,0) -> 73000 | G6: 45760 | H6: 12 | I6: =IF(OR(E6="Eksekutif",E6="Bisnis"),$K$4*F6,0) -> 10950 | J6: =$K$3*F6*H6 -> 96360 | K6: =(F6*H6)-I6+J6 -> 961410
A7: 2 | B7: KA-ES-02 | C7: =VLOOKUP(B7,ttb_krt,2,0) -> PURWOJAYA | D7: =VLOOKUP(B7,ttb_krt,3,0) -> GAMBIR-CILACAP | E7: =IF(MID(B7,4,2)="ES","Eksekutif",IF(MID(B7,4,2)="EK","Ekonomi","Bisnis")) -> Eksekutif | F7: =VLOOKUP(B7,ttb_krt,4,0) -> 73000 | G7: 45760 | H7: 10 | I7: =IF(OR(E7="Eksekutif",E7="Bisnis"),$K$4*F7,0) -> 10950 | J7: =$K$3*F7*H7 -> 80300 | K7: =(F7*H7)-I7+J7 -> 799350
A8: 3 | B8: KA-EK-03 | C8: =VLOOKUP(B8,ttb_krt,2,0) -> COREBON EKSPRESS | D8: =VLOOKUP(B8,ttb_krt,3,0) -> GAMBIR-CIREBON | E8: =IF(MID(B8,4,2)="ES","Eksekutif",IF(MID(B8,4,2)="EK","Ekonomi","Bisnis")) -> Ekonomi | F8: =VLOOKUP(B8,ttb_krt,4,0) -> 73000 | G8: 45760 | H8: 15 | I8: =IF(OR(E8="Eksekutif",E8="Bisnis"),$K$4*F8,0) -> 0 | J8: =$K$3*F8*H8 -> 120450 | K8: =(F8*H8)-I8+J8 -> 1215450
A9: 4 | B9: KA-EK-03 | C9: =VLOOKUP(B9,ttb_krt,2,0) -> COREBON EKSPRESS | D9: =VLOOKUP(B9,ttb_krt,3,0) -> GAMBIR-CIREBON | E9: =IF(MID(B9,4,2)="ES","Eksekutif",IF(MID(B9,4,2)="EK","Ekonomi","Bisnis")) -> Ekonomi | F9: =VLOOKUP(B9,ttb_krt,4,0) -> 73000 | G9: 45760 | H9: 15 | I9: =IF(OR(E9="Eksekutif",E9="Bisnis"),$K$4*F9,0) -> 0 | J9: =$K$3*F9*H9 -> 120450 | K9: =(F9*H9)-I9+J9 -> 1215450
A10: 5 | B10: KA-ES-04 | C10: =VLOOKUP(B10,ttb_krt,2,0) -> TEGAL BAHARI | D10: =VLOOKUP(B10,ttb_krt,3,0) -> GAMBIR-TEGAL | E10: =IF(MID(B10,4,2)="ES","Eksekutif",IF(MID(B10,4,2)="EK","Ekonomi","Bisnis")) -> Eksekutif | F10: =VLOOKUP(B10,ttb_krt,4,0) -> 73000 | G10: 45760 | H10: 10 | I10: =IF(OR(E10="Eksekutif",E10="Bisnis"),$K$4*F10,0) -> 10950 | J10: =$K$3*F10*H10 -> 80300 | K10: =(F10*H10)-I10+J10 -> 799350
A11: 6 | B11: KA-EB-05 | C11: =VLOOKUP(B11,ttb_krt,2,0) -> GUMARANG | D11: =VLOOKUP(B11,ttb_krt,3,0) -> PASAR SENEN-SURABAYA PSR TURI | E11: =IF(MID(B11,4,2)="ES","Eksekutif",IF(MID(B11,4,2)="EK","Ekonomi","Bisnis")) -> Bisnis | F11: =VLOOKUP(B11,ttb_krt,4,0) -> 73000 | G11: 45760 | H11: 10 | I11: =IF(OR(E11="Eksekutif",E11="Bisnis"),$K$4*F11,0) -> 10950 | J11: =$K$3*F11*H11 -> 80300 | K11: =(F11*H11)-I11+J11 -> 799350
A12: 7 | B12: KA-ES-04 | C12: =VLOOKUP(B12,ttb_krt,2,0) -> TEGAL BAHARI | D12: =VLOOKUP(B12,ttb_krt,3,0) -> GAMBIR-TEGAL | E12: =IF(MID(B12,4,2)="ES","Eksekutif",IF(MID(B12,4,2)="EK","Ekonomi","Bisnis")) -> Eksekutif | F12: =VLOOKUP(B12,ttb_krt,4,0) -> 73000 | G12: 45760 | H12: 11 | I12: =IF(OR(E12="Eksekutif",E12="Bisnis"),$K$4*F12,0) -> 10950 | J12: =$K$3*F12*H12 -> 88330 | K12: =(F12*H12)-I12+J12 -> 880380
H13: TOTAL PEMBELIAN | J13: =SUM(J6:J12) -> 666490 | K13: =SUM(K6:K12) -> 6670740
H14: PEMBELIAN TERTINGGI | J14: =MAX(J6:J12) -> 120450 | K14: =MAX(K6:K12) -> 1215450
H15: PEMBELIAN TERENDAH | J15: =MIN(J6:J12) -> 80300 | K15: =MIN(K6:K12) -> 799350
H16: RATA-RATA PEMBELIAN | J16: =AVERAGE(J6:J15) -> 153373 | K16: =AVERAGE(K6:K12) -> 952962.86

Sheet Tabel tiket_kerta
A1: KODE | B1: NAMA KERETA API | C1: RELASI (PP) | D1: TARIF
A2: KA-ES-01 | B2: ARGO BROMO ANGGREK | C2: GAMBIR-SURABAYA TURI | D2: 73000
A3: KA-ES-02 | B3: PURWOJAYA | C3: GAMBIR-CILACAP | D3: 73000
A4: KA-EK-03 | B4: COREBON EKSPRESS | C4: GAMBIR-CIREBON | D4: 73000
A5: KA-ES-04 | B5: TEGAL BAHARI | C5: GAMBIR-TEGAL | D5: 73000
A6: KA-EB-05 | B6: GUMARANG | C6: PASAR SENEN-SURABAYA PSR TURI | D6: 73000
